"","Date","Crops","Produce","Pastoral","Livestock","P.Provisions","A.Provisions","O.Provisions","Total"
"1",1889-10-01,100,99.9999999999996,99.9999999999997,99.9999999999999,99.9999999999999,100,99.9999999999996,99.9999999999998
"2",1889-11-01,102.373297940226,99.9999999999996,99.9999999999997,98.2434266089092,108.551292525109,100.134095910353,99.9999999999996,101.280395404031
"3",1889-12-01,97.9019055819792,99.9999999999996,99.9999999999997,103.545019410988,102.00821077589,100.015787189267,99.9999999999996,100.873690582658
"4",1890-01-01,95.5988883068317,101.37715181691,98.63704858607,101.008933467723,101.685086079181,100.032224690954,99.9874459669664,99.9171017652616
"5",1890-02-01,93.3808544667743,102.754303633821,97.2740971721402,98.5360541978442,101.374075279511,100.048662734609,99.9748919339333,98.9914861251667
"6",1890-03-01,91.2418231641022,104.131455450732,95.9111457582104,96.1250403600288,101.074963927008,100.065101251619,99.9623379009001,98.0955403225509
"7",1890-04-01,90.4268620255377,105.508607267643,94.5481943442807,91.9101286994462,101.19312404357,100.170111030586,99.949783867867,97.0290082502352
"8",1890-05-01,92.9796325681187,106.885759084554,93.1852429303509,91.1998814084213,105.829150685702,100.096098208736,99.9372298348338,98.0539836212814
"9",1890-06-01,92.6366045861941,108.262910901465,91.8222915164211,96.3446819852239,105.884893373261,100.201819922737,99.9246758018007,99.3914331846646
"10",1890-07-01,89.9861338963078,109.640062718376,90.4593401024914,94.5519741536586,103.393497001407,100.180040627035,99.9121217687676,98.2240240251438
"11",1890-08-01,89.2306927998645,111.017214535287,89.0963886885616,95.4108977561187,99.4853145645585,100.207996518884,99.8995677357344,97.7989109492824
"12",1890-09-01,84.4090020901246,112.394366352197,87.7334372746319,96.2546763160115,99.8588151282436,100.26698760884,99.8870137027013,97.4065826293575
"13",1890-10-01,83.2969276718168,113.771518169108,86.3704858607021,95.4982083231605,102.82912752374,100.285423798375,99.8744596696682,97.5957700435889
"14",1890-11-01,85.3520582488567,115.148669986019,85.0075344467723,93.1121314927402,102.398504906219,100.368004778192,99.861905636635,97.347048507256
"15",1890-12-01,84.7543772773261,116.52582180293,83.6445830328426,90.7519474943654,101.214487025701,100.361871467174,99.8493516036019,96.5642633998613
"16",1891-01-01,83.69879529581,114.745116196915,83.507703184613,89.7586565377782,99.6033928920392,100.086849198488,99.7142094072957,95.5697518624137
"17",1891-02-01,82.6715961589615,112.9644105909,83.3708233363834,88.7725093074329,98.0415148913137,99.8118269310587,99.5790672109896,94.5891510968949
"18",1891-03-01,81.6723564554052,111.183704984885,83.2339434881538,87.7934474067753,96.5274488494299,99.5368046648858,99.4439250146834,93.6221609439367
"19",1891-04-01,80.7006724097825,109.402999378871,83.0970636399243,86.8214128873178,95.0598371701895,99.2617823999693,99.3087828183773,92.6684917021115
"20",1891-05-01,79.7561595532,107.622293772856,82.9601837916947,85.8563482453304,93.6373670915564,98.9867601363093,99.1736406220712,91.7278638031541
"21",1891-06-01,78.8384524078811,105.841588166841,82.8233039434651,84.8981964185552,92.2587690121114,98.9403767880941,99.038498425765,90.8214423985807
"22",1891-07-01,78.054806721577,104.047789536389,82.6864240952355,83.9469007829446,91.622845785109,112.479711067604,98.9033562294589,91.3253403329945
"23",1891-08-01,74.84461160366,103.218574821202,82.5495442470059,83.0024051494234,88.9057108243066,90.5141587481601,98.7682140331528,87.9487337039433
"24",1891-09-01,73.5039542154933,100.886015312033,82.4126643987763,82.0646537606735,87.0157456392318,108.046824370676,98.6330718368466,88.4632339918148
"25",1891-10-01,75.1071759805997,99.7610196660123,82.2757845505467,81.1335912879426,88.0202789628604,89.6984720555598,98.4979296405405,86.7164894403388
"26",1891-11-01,71.5826290781925,92.7101957423985,82.1389047023172,80.2091628278753,86.1632117346022,107.103984882145,98.3627874442343,86.1490786401581
"27",1891-12-01,67.052781688805,91.3207127292577,82.0020248540876,79.2913138993673,87.9883669269717,93.0948439911434,98.2276452479282,83.9410425062371
"28",1892-01-01,63.5114083798789,91.0048649991197,81.2170439343297,79.6525617370128,86.481050677191,107.956873783842,97.7461482264887,84.4677285003448
"29",1892-02-01,64.1576991994488,93.1488669734767,80.4320630145719,80.0080755029135,86.1696041334347,89.8367359151701,97.2646512050492,83.1264314362338
"30",1892-03-01,66.2878207400838,94.1372449529217,79.647082094814,80.3579122076769,87.8859372981855,96.8771429273871,96.7831541836097,84.5106390698376
"31",1892-04-01,69.6147900726203,96.2654444946113,78.8621011750562,80.7021283844404,93.8933322094448,92.6594050252935,96.3016571621703,85.873573470202
"32",1892-05-01,69.8225031119462,96.7955941979544,78.0771202552983,81.0407800925521,93.9111294532811,92.9098513615831,95.8201601407308,85.9810553071613
"33",1892-06-01,70.0263467211976,97.3266817892275,77.2921393355405,81.3739229212254,93.9268314468371,93.1568526528187,95.3386631192913,86.0860515149708
"34",1892-07-01,70.2263592030505,97.8587071410296,76.5071584157826,81.7016119931659,93.9404565798399,93.4004338993472,94.8571660978518,86.188587056371
"35",1892-08-01,70.422578536684,98.3916700453622,75.7221774960248,82.0239019681721,93.9520231826115,93.6406199508397,94.3756690764123,86.288686691828
"36",1892-09-01,70.6150423803183,98.925570212168,74.9371965762669,82.3408470467095,93.9615495245326,93.8774355071225,93.8941720549729,86.386374980433
"37",1892-10-01,70.8037880737348,99.4604072678482,74.1522156565091,82.6525009734586,93.9690538125523,94.110905119004,93.4126750335334,86.4816762807964
"38",1892-11-01,70.9888526407763,99.9961807537609,73.3672347367512,82.9589170408368,93.9745541897447,94.3410531890961,92.9311780120939,86.5746147519352
"39",1892-12-01,71.1702727918291,100.532890124698,72.5822538169934,83.2601480924936,93.9780687339105,94.5679039726331,92.4496809906544,86.6652143541557
"40",1893-01-01,70.5205335408829,100.576630477158,72.3904681930319,81.3672892898747,93.6855244508232,93.9842841948854,92.6379579068795,85.9965589858659
"41",1893-02-01,69.8745861668991,100.614662003553,72.1986825690704,79.4943865001152,93.394894721361,93.4043323178073,92.8262348231047,85.3332361121854
"42",1893-03-01,69.2324022674177,100.646892856452,72.0068969451089,77.6412691055018,93.1061466663509,92.8280278623727,93.0145117393298,84.675177232361
"43",1893-04-01,68.5939536579233,100.67322998674,71.8151113211474,75.8077678055693,92.8192480297249,92.2553504575637,93.202788655555,84.0223141287279
"44",1893-05-01,67.9592123701988,100.69357912933,71.6233256971859,73.9937146075072,92.5341671670701,91.686279839821,93.3910655717801,83.3745788599817
"45",1893-06-01,67.3281506506912,100.707844788713,71.4315400732244,72.198942816634,92.2508730343805,91.1207958524977,93.5793424880053,82.7319037544743
"46",1893-07-01,66.7007409588892,100.71593022434,71.2397544492629,70.4232870269382,91.9693351770094,90.558878445316,93.7676194042304,82.0942214035352
"47",1893-08-01,66.076955965713,100.717737435849,71.0479688253014,68.6665831116858,91.6895237188152,90.0005076738264,93.9558963204555,81.4614646548163
"48",1893-09-01,65.456768551916,100.713167148115,70.8561832013399,66.9286682140931,91.4114093515013,89.4456636988688,94.1441732366807,80.8335666056586
"49",1893-10-01,64.8401518064982,100.702118796145,70.6643975773784,65.2093807380658,91.134963324144,88.8943267860383,94.3324501529058,80.2104605964822
"50",1893-11-01,64.2270790251316,100.68449050979,70.4726119534169,63.5085603390023,90.8601574329052,88.3464773051511,94.520727069131,79.5920802041953
"51",1893-12-01,63.6175237085974,100.660179098294,70.2808263294554,61.8260479146621,90.5869640109295,87.8020957297148,94.7090039853561,78.9783592356244
"52",1894-01-01,62.8902982264769,100.735030032388,70.0869218358485,63.7288382170041,89.9826716509589,86.6591243297086,94.1632011581488,79.0812014767584
"53",1894-02-01,62.1678655805787,100.813523104117,69.8930173422415,65.607888569377,89.3808733636917,85.5247251072714,93.6173983309415,79.1806200355724
"54",1894-03-01,61.6881440446258,101.486916944474,69.6991128486345,67.4634125618643,89.5400147706768,96.1360253989392,93.0715955037342,80.6250900171162
"55",1894-04-01,61.2796993216725,101.968943731353,69.5052083550276,69.2956220914958,91.110320947716,85.7145862912138,92.5257926765269,80.2936424594994
"56",1894-05-01,63.5416971984311,102.438475979695,69.3113038614206,71.1047273747837,93.453761064388,95.5939913676017,91.9799898493196,82.3957295451833
"57",1894-06-01,65.0502057229771,102.973831083614,69.1173993678137,72.8909369601684,91.8754207863023,92.1103483287032,91.4341870221123,82.5190808688031
"58",1894-07-01,66.5736378871716,103.527124258203,68.9234948742067,74.6544577403771,90.3271964873388,88.7572205855731,90.888384194905,82.6588360640824
"59",1894-08-01,66.8602698680398,103.40159036293,68.7295903805998,76.3954949646938,89.9865449461519,81.0397982660449,90.3425813676977,82.2731842389433
"60",1894-09-01,67.52461620903,104.919459952159,68.5356858869928,78.1142522511431,90.3342377295892,84.7583871066237,89.7967785404904,83.3774419395424
"61",1894-10-01,66.6947231295463,111.229695486722,68.3417813933859,79.8109315985867,90.5567282681608,83.2056057791805,89.2509757132831,84.4777586208871
"62",1894-11-01,63.1644627059301,103.877987620106,68.1478768997789,81.4857333987346,88.6599384130621,86.3850773085362,88.7051728860758,83.1285060052669
"63",1894-12-01,59.9983786626829,104.06956766423,67.953972406172,83.1388564480703,87.7425468985426,84.402322139113,88.1593700588685,82.6784472351344
"64",1895-01-01,60.6310375910115,106.202649545508,68.2389143539993,81.8343785967038,87.7171941813648,85.4340980826121,88.0181326716014,82.8907147089904
"65",1895-02-01,61.2599912607919,108.341327313508,68.5238563018267,80.5447279691308,87.689518560718,86.4649085369545,87.8768952843343,83.1065309311713
"66",1895-03-01,61.8853181140658,110.485644626426,68.808798249654,79.2697783101993,87.6595601211757,87.4947542738604,87.7356578970672,83.3258897516149
"67",1895-04-01,62.5070956673612,112.635645456662,69.0937401974813,78.0094043426502,87.6273584681353,88.5236360645034,87.5944205098,83.5487850942922
"68",1895-05-01,63.1254005246979,114.79137409297,69.3786821453087,76.7634817599449,87.5929527328627,89.5515546795111,87.4531831225329,83.775210958571
"69",1895-06-01,63.7403083904383,116.952875142629,69.663624093136,75.5318872191413,87.5563815774866,90.5785108889653,87.3119457352658,84.0051614205625
"70",1895-07-01,64.3518940819857,119.120193533623,69.9485660409633,74.3144983338215,87.5176831999437,91.6045054624023,87.1707083479987,84.2386306344509
"71",1895-08-01,64.9602315423322,121.293374516841,70.2335079887907,73.1111936670701,87.4768953388748,92.6295391688136,87.0294709607316,84.4756128338065
"72",1895-09-01,65.5653938524575,123.472463668287,70.518449936618,71.9218527245003,87.4340552784725,93.6536127766457,86.8882335734645,84.7161023328836
"73",1895-10-01,66.1674532435817,125.657506891307,70.8033918844454,70.7463559473319,87.3891998532815,94.676727053801,86.7469961861974,84.9600935279012
"74",1895-11-01,66.7664811092717,127.848550418829,71.0883338322727,69.5845847055165,87.3423654529507,95.6988827676379,86.6057587989303,85.2075808983098
"75",1895-12-01,67.3625480174051,130.045640815621,71.3732757801,68.4364212909123,87.2935880269387,96.7200806849713,86.4645214116632,85.4585590080415
"76",1896-01-01,68.5739988119208,132.984680619322,71.9871025381919,69.0142357997598,88.1222004365119,97.0805759858075,86.2882548465877,86.4558151827691
"77",1896-02-01,69.7764928961974,135.929463751574,72.6009292962837,69.5901921902692,88.9368257606188,97.4408131223113,86.1119882815122,87.4498950520134
"78",1896-03-01,70.9702191173952,138.880034428413,73.2147560543755,70.1643200090601,89.7376278181728,97.8007923053327,85.9357217164367,88.4408680350257
"79",1896-04-01,72.1553641269853,141.836437181682,73.8285828124673,70.7366484724533,90.5247687316549,98.1605137455708,85.7594551513613,89.4288029096699
"80",1896-05-01,73.3321124120253,144.79871686119,74.4424095705591,71.3072064696757,91.2984089437141,98.5199776535739,85.5831885862858,90.4137678210408
"81",1896-06-01,74.5006463260652,147.766918636876,75.056236328651,71.8760225660369,92.0587072336094,98.8791842397395,85.4069220212103,91.3958302899953
"82",1896-07-01,75.6611461196857,150.741088000999,75.6700630867428,72.4431250060767,92.8058207334976,99.2381337143149,85.2306554561348,92.3750572215969
"83",1896-08-01,76.813789970676,153.721270770328,76.2838898448346,73.0085417166851,93.5399049445653,99.5968262873963,85.0543888910593,93.3515149134749
"84",1896-09-01,77.9587540138539,156.707513088358,76.8977166029264,73.5723003101936,94.261113753009,99.9552621689299,84.8781223259839,94.3252690640992
"85",1896-10-01,79.0962123705337,159.699861427537,77.5115433610183,74.134428087439,94.9695994458645,100.313441568712,84.7018557609084,95.2963847809721
"86",1896-11-01,80.2263371776456,162.698362591506,78.1253701191101,74.6949520407998,95.6655127266846,100.671364696387,84.5255891958329,96.2649265887365
"87",1896-12-01,81.349298616512,165.703063717353,78.7391968772019,75.2538988572046,96.3490027310695,101.029031761452,84.3493226307574,97.2309584372045
"88",1897-01-01,81.045609785689,162.127950368917,77.5456978495958,76.2069774803767,96.773852778096,100.385374656515,83.3647531645984,96.6650112974579
"89",1897-02-01,80.7471198949847,158.53663688746,76.3521988219897,77.153799954783,97.19510534336,99.7425189820877,82.3801836984394,96.0952942117137
"90",1897-03-01,80.4537238517681,154.928981474849,75.1586997943835,78.0944257797017,97.6127969259175,99.1004641078571,81.3956142322803,95.5217891219952
"91",1897-04-01,80.1653175458646,151.30484124987,73.9652007667774,79.0289139700365,98.0269636989849,98.4592094039532,80.4110447661213,94.9444777826389
"92",1897-05-01,79.8817978345531,147.664072240531,72.7717017391713,79.9573230599605,98.4376415128079,97.8187542409485,79.4264752999622,94.3633417581059
"93",1897-06-01,79.6030625277295,144.006529376303,71.5782027115652,80.8797111065359,98.8448658975058,97.1790979898573,78.4419058338032,93.7783624208017
"94",1897-07-01,79.3290103732328,140.33206648032,70.384703683959,81.7961356933058,99.2486720658903,96.5402400221361,77.4573363676441,93.1895209489024
"95",1897-08-01,81.0649938472233,134.891269651863,69.1912046563529,82.7066539338619,100.161561377627,97.8685810819918,76.4727669014851,92.9012504304359
"96",1897-09-01,82.1503949418604,127.119127272134,67.9977056287467,83.6113224753857,101.12584514981,97.8562385529049,75.488197435326,92.0279325460326
"97",1897-10-01,83.2577472806466,119.986164041387,66.8042066011406,84.5101975021639,102.10563991711,97.8386242879086,74.503627969167,91.258397274615
"98",1897-11-01,80.0140355238063,118.874392241025,65.6107075735345,85.4033347390797,106.18901885349,92.2170959211771,73.519058503008,90.7079530311689
"99",1897-12-01,78.8990129922994,119.824970645996,64.4172085459284,86.2907894550785,110.560499619254,95.633615020795,72.5344890368489,91.7032709293466
"100",1898-01-01,79.0507477117294,120.553783128421,64.9367002671925,86.4908355266265,114.481086452147,98.6509425465793,72.689684003068,92.8495859726568
"101",1898-02-01,82.4551731223728,123.054781337566,65.4561919884567,86.6931894592586,114.977224623109,97.0238113820449,72.8448789692871,93.8111268158961
"102",1898-03-01,81.4365910903553,123.013707164187,65.9756837097208,86.8978425145797,114.375906701024,96.5449036276664,73.0000739355062,93.6211171472859
"103",1898-04-01,82.7372209221179,123.941447993496,66.495175430985,87.1047859400566,116.469135538198,92.0137406380687,73.1552689017253,93.9865582719328
"104",1898-05-01,84.2471772387787,123.969674476896,67.0146671522491,87.3140109697564,119.767422321678,92.8090347538128,73.3104638679444,94.9323736020886
"105",1898-06-01,84.7685993173778,125.621397967897,67.5341588735133,87.525508825076,119.396609210032,101.044277939776,73.4656588341635,96.1021684381094
"106",1898-07-01,84.4376293402236,126.552918112661,68.0536505947775,87.7392707154604,122.780885497003,99.7634863673439,73.6208538003825,96.7214157112698
"107",1898-08-01,84.1199969701817,127.485725436786,68.5731423160416,87.9552878391119,126.304855763298,98.4928127769426,73.7760487666016,97.3662876607181
"108",1898-09-01,83.8156319510572,128.419826637674,69.0926340373058,88.1735513836892,129.973288533715,97.2326192680383,73.9312437328207,98.0375511811324
"109",1898-10-01,83.5244653101128,129.35522844642,69.61212575857,88.3940525269961,133.791104479337,95.9832409893847,74.0864386990398,98.7359946167595
"110",1898-11-01,83.2464293742612,130.291937627971,70.1316174798341,88.6167824376622,137.7633811599,94.7449873309681,74.2416336652589,99.4624286168794
"111",1898-12-01,82.9814577852977,131.229960981292,70.6511092010983,88.8417322758122,141.895357910904,93.5181430712191,74.396828631478,100.217687009542
"112",1899-01-01,82.2792993719485,132.285448506196,74.5151619206139,93.4940052151958,144.097302008041,91.4791105886272,74.0667167834382,101.920164344704
"113",1899-02-01,82.5831470339484,132.216309390748,78.3792146401295,98.0913819592718,142.906855464984,92.7605900717679,73.7366049353984,103.371620127015
"114",1899-03-01,84.8953223772937,134.200820772017,82.2432673596451,102.634357624861,143.595203861349,86.8604241638548,73.4064930873585,105.064442183899
"115",1899-04-01,84.6267134031121,135.168026666608,86.1073200791606,107.123423371166,146.460475700891,86.3897699659451,73.0763812393187,107.030746239864
"116",1899-05-01,88.9645205407697,138.04327859775,89.9713727986762,111.559066429423,147.494923148123,87.379616367306,72.7462693912789,109.852434954387
"117",1899-06-01,91.8985748815714,138.392185586641,93.8354255181918,115.941770132338,148.7683999772,88.2388192304977,72.416157543239,112.071911567549
"118",1899-07-01,96.7726085873627,138.488087577373,97.6994782377074,120.272013943319,147.126178426464,88.5191174573309,72.0860456951992,114.03201277104
"119",1899-08-01,97.058177073555,135.405025389057,101.563530957223,124.550273485488,140.248261335618,88.833454021092,71.7559338471594,113.950570729734
"120",1899-09-01,92.0657130583926,133.34432218339,105.427583676739,129.144399969559,133.035124363823,85.5833698246654,71.4258219991196,112.89660388394
"121",1899-10-01,89.0936844358,132.434602405417,109.291636396254,130.884522511315,131.392920953992,88.7473329223642,71.0957101510797,113.096445546115
"122",1899-11-01,87.7949845129438,133.91889510022,113.15568911577,135.334786237607,133.14928436853,88.770160187853,70.7655983030399,114.845889144666
"123",1899-12-01,87.7516063940556,136.604382946828,117.019741835285,140.589324672434,131.396074324386,87.0529971474302,70.4354864550001,116.468737250593
"124",1900-01-01,88.4847623930614,143.354457664859,112.466924853832,142.428834326443,131.934484186417,86.6236239429313,70.756588215355,117.745018964675
"125",1900-02-01,89.2180458267012,150.099243044069,107.914107872379,144.209255851714,132.471833911742,86.1962501519492,71.0776899757099,119.0057438977
"126",1900-03-01,89.9518793398249,156.838745396784,103.361290890926,145.919060940821,133.008133571949,85.7708648467019,71.3987917360648,120.248097546576
"127",1900-04-01,90.6866764084259,163.572971028637,98.8084739094732,147.545638517328,133.543393173998,85.3474571585822,71.7198934964197,121.46899327773
"128",1900-05-01,91.4228417087158,170.301926238577,94.2556569280201,149.075210480811,134.077622660582,84.9260162778406,72.0409952567746,122.665051321055
"129",1900-06-01,92.1607714763794,177.025617318878,89.7028399465671,150.492741447437,134.610831910484,84.5065314532686,72.3620970171294,123.832576261222
"130",1900-07-01,92.9008538563055,183.744050555144,85.1500229651141,151.78184207953,135.143030738942,84.0889919918835,72.6831987774844,124.967532924739
"131",1900-08-01,96.936013546433,186.461424177689,80.5972059836611,151.839672940339,131.710025511526,81.3420615181602,73.0043005378393,124.846418869373
"132",1900-09-01,97.0409924983694,193.625048243338,76.044389002208,153.167581087589,129.509171419817,82.7639274698494,73.3254022981941,125.706808306846
"133",1900-10-01,97.9741893955789,198.099560315713,71.491572020755,155.161402708561,128.4246793674,86.4570733312209,73.6465040585491,126.830275477923
"134",1900-11-01,95.3210014888939,200.57103027799,66.938755039302,154.833463473754,128.61606615312,85.4451648219485,73.9676058189039,126.258211700954
"135",1900-12-01,96.1606531713802,206.128366981603,62.385938057849,150.469012860534,131.195917497101,90.6358017837271,74.2887075792589,126.659629168663
"136",1901-01-01,99.4304197552754,216.884842173708,62.9312581317528,150.119807651107,130.853561985121,90.5647591520541,74.3380686010378,128.75952620106
"137",1901-02-01,95.4922236504684,213.170159151155,63.4765782056566,147.282115505051,131.085276020383,89.4929308476727,74.3874296228167,126.84581356809
"138",1901-03-01,96.6847529703838,221.811040717328,64.0218982795605,146.773912188931,131.110748523903,91.2794507258936,74.4367906445956,128.48245085999
"139",1901-04-01,93.1784013416485,224.35556524722,64.5672183534643,144.558652048077,129.62631037241,88.8240616829974,74.4861516663745,127.37196550936
"140",1901-05-01,90.6305066709736,230.735364915008,65.1125384273681,144.861063369409,129.692038297744,87.5356306736247,74.5355126881534,127.991534429417
"141",1901-06-01,90.9230319108241,228.567878653142,65.6578585012719,145.371375656805,128.581526225496,85.2711177537535,74.5848737099323,127.49608559677
"142",1901-07-01,92.355736133113,231.027663693525,66.2031785751758,147.256239189635,123.915604850923,81.0565612737584,74.6342347317112,127.507089395213
"143",1901-08-01,90.3642827046964,224.298743749096,66.7484986490796,148.872147473637,121.864809305246,80.5989992261137,74.6835957534902,126.240926233448
"144",1901-09-01,91.832043577689,225.491486661385,67.2938187229834,151.781490550324,119.098018194793,79.5734770477123,74.7329567752691,126.911263256557
"145",1901-10-01,88.0674324098445,227.500338456362,67.8391387968872,152.577189804243,120.430974687316,80.2144289489985,74.782317797048,127.159965713449
"146",1901-11-01,83.0650102291394,226.682941766185,68.3844588707911,153.112307629365,120.391700307235,79.9189568366848,74.8316788188269,126.406312691457
"147",1901-12-01,76.0114307096932,229.647905277159,68.9297789446949,151.000374537699,119.171379261934,77.6906518867583,74.8810398406058,124.895655767553
"148",1902-01-01,74.0947501451574,232.000201216991,69.5880318411636,153.989517411951,119.440735573567,80.6924830972858,74.6509282214897,126.074653232937
"149",1902-02-01,72.6232004175006,231.574046029731,70.2462847376322,150.448362048733,119.689683382883,79.8062346723644,74.4208166023737,124.888798549298
"150",1902-03-01,72.2872192303446,224.283636897732,70.9045376341009,150.775359493933,119.887031426459,79.9653636308534,74.1907049832576,123.864816639649
"151",1902-04-01,72.0264742247647,217.238118887471,71.5627905305696,150.925422140661,120.086644222707,80.1241865480199,73.9605933641415,122.846946097756
"152",1902-05-01,76.0329623126575,211.796386005188,72.2210434270382,151.29446220101,120.852644753708,81.8927002811092,73.7304817450254,123.040573103918
"153",1902-06-01,76.974099025016,207.060724391693,72.8792963235069,154.568547439766,122.67619305848,81.2893799022867,73.5003701259093,123.534706279662
"154",1902-07-01,79.2386493158253,203.785859094511,73.5375492199755,158.246317179798,125.139569737659,81.1820772683996,73.2702585067932,124.711268223871
"155",1902-08-01,81.5290372474489,200.510575049793,74.1958021164442,161.904030531533,127.679434603333,81.0717925201976,73.0401468876772,125.898459479003
"156",1902-09-01,83.8460026979347,197.234871998571,74.8540550129129,165.55439656283,130.298281886052,80.9585944461694,72.8100352685611,127.099969049949
"157",1902-10-01,86.3578682297787,191.480678119437,75.5123079093816,166.067143827673,131.276838536489,82.1503166324258,72.579923649445,127.02630373824
"158",1902-11-01,89.985309534758,186.487718176552,76.1705608058503,169.695828380816,133.512469154186,83.7837453072519,72.3498120303289,128.262702056384
"159",1902-12-01,85.6280373347996,184.902268516382,76.8288137023189,171.549554613699,134.814147368897,83.0053483167246,72.1197004112128,127.968134071898
"160",1903-01-01,79.2056455169725,181.980876750872,76.3456572341038,166.542904330823,136.428437675522,84.4328194839266,71.676751949857,125.555741261471
"161",1903-02-01,74.8587672003,180.653206391804,75.8625007658887,165.337343669712,137.582489242838,79.4926144432609,71.2338034885012,123.998056863292
"162",1903-03-01,72.6897977527864,177.202351582053,75.3793442976736,166.91292432536,136.448164654703,84.9747077090474,70.7908550271453,123.763740176631
"163",1903-04-01,73.1814698353397,169.018376972146,74.8961878294585,167.771883027985,139.95145203514,81.8041838430816,70.3479065657895,122.939887286
"164",1903-05-01,74.6310775812591,168.555570089047,74.4130313612434,170.324325843594,141.095910955002,84.2077515565999,69.9049581044337,124.049519466941
"165",1903-06-01,76.1865454770539,162.672024981516,73.9298748930282,169.713586434477,142.698376668682,81.497302961201,69.4620096430778,123.130030925125
"166",1903-07-01,78.5500399499184,161.87533517766,73.4467184248131,169.102486187122,146.352179587706,85.5463902517148,69.019061181722,124.085755395254
"167",1903-08-01,77.2748855470141,159.064509372276,72.963561956598,166.403728495142,146.903016039739,81.6547295307014,68.5761127203662,122.407034230602
"168",1903-09-01,77.1570084105019,157.009803564449,72.4804054883829,170.56505573027,149.924774253007,79.2787796569216,68.1331642590104,123.27048203734
"169",1903-10-01,74.8409861136807,152.359625291987,71.9972490201678,166.059170364973,152.680147899292,78.1606981008864,67.6902157976545,121.294426506272
"170",1903-11-01,75.996488473686,149.163777490098,71.5140925519526,167.554932812841,153.057792444744,78.7768198641469,67.2472673362987,121.37950918133
"171",1903-12-01,73.7357286188629,146.285873471137,71.0309360837375,160.62148871196,158.015523222917,82.0459727813148,66.8043188749429,119.837538108758
"172",1904-01-01,68.0604091135266,146.681076977708,70.9547172373764,156.210324062973,153.029481094493,85.3660664466882,67.0971885240405,117.462229533023
"173",1904-02-01,63.1624254136006,148.417921118738,70.8784983910153,155.380349534566,146.435929394104,79.1115064144403,67.3900581731382,115.164511401391
"174",1904-03-01,61.7804182364743,148.35998574556,70.8022795446542,157.580989618928,146.988603197188,85.3782457782433,67.6829278222359,116.183853508842
"175",1904-04-01,60.8317088941567,152.478883825688,70.7260606982931,152.568846985825,145.371151228243,79.6866479511678,67.9757974713335,114.660156687169
"176",1904-05-01,58.9723075349981,149.043219011195,70.6498418519319,149.198404430377,144.780545663679,85.3144251442417,68.2686671204312,113.445824963818
"177",1904-06-01,58.08994626579,149.199487767898,70.5736230055708,145.974901727595,142.925759907452,79.7304926870609,68.5615367695289,111.733504403529
"178",1904-07-01,56.7819213885761,151.455785801161,70.4974041592097,145.71256483356,138.776412905073,79.0424529918604,68.8544064186265,111.123559682863
"179",1904-08-01,55.5175576415828,153.749305936975,70.4211853128486,145.470251958512,134.73583110481,78.3570635306252,69.1472760677242,110.548501994329
"180",1904-09-01,57.1343680052875,154.476443112017,70.3449664664875,145.072663170439,133.781528172388,84.2064307650052,69.4401457168219,111.234925958029
"181",1904-10-01,55.7106742901069,153.944458118156,70.2687476201264,145.520542534938,131.210310907601,76.1671619333169,69.7330153659195,109.906197863028
"182",1904-11-01,55.2792038049147,153.353527757573,70.1925287737653,149.244027480563,129.743872306216,82.3875403570345,70.0258850150172,111.051659425796
"183",1904-12-01,54.603633580233,157.030400649334,70.1163099274041,145.447057985339,128.616854422979,74.9057429070395,70.3187546641149,109.714166551285
"184",1905-01-01,53.9626792533389,158.714236141851,71.2188311630094,145.282377916831,128.609232990835,79.3032833021504,70.4383600192614,110.361599647438
"185",1905-02-01,51.7248936182821,159.022639123025,72.3213523986146,145.10924561755,127.236036557285,74.5734810962208,70.5579653744078,109.473444001284
"186",1905-03-01,53.5564867199657,158.259360528098,73.4238736342198,145.065325399003,127.022642004571,79.8390236170937,70.6775707295543,110.204264168681
"187",1905-04-01,54.5884684447252,159.802929634438,74.526394869825,142.486655539592,126.192692603962,74.2947368623059,70.7971760847008,109.427144411964
"188",1905-05-01,55.0249339027508,158.222115902402,75.6289161054303,141.373651526413,125.078735959674,75.8903959319385,70.9167814398473,109.060200670846
"189",1905-06-01,55.4640365252323,156.73159062644,76.7314373410355,140.26556820976,124.006735355433,77.511259544985,71.0363867949938,108.71792528927
"190",1905-07-01,56.3415675340178,157.603228787012,77.8339585766407,139.715434621489,122.388667490124,80.6645444411538,71.1559921501403,109.011071297859
"191",1905-08-01,56.5225408639636,156.689399744375,78.9364798122459,138.464394154329,120.264878748429,79.4517764772812,71.2755975052868,108.252837856341
"192",1905-09-01,56.7129168817629,155.822324817643,80.0390010478512,137.329959809945,118.179773669724,78.2605447624782,71.3952028604333,107.540593791797
"193",1905-10-01,58.2071753785992,156.111198399902,81.1415222834564,136.307133462119,115.167337775838,74.6327153889412,71.5148082155797,106.867273847893
"194",1905-11-01,59.2195213152722,155.599261729073,82.2440435190616,139.777042123348,112.468635298916,78.9283589133842,71.6344135707262,107.908558647269
"195",1905-12-01,54.0566471617963,153.619606384498,83.3465647546668,138.317982914635,114.261689283022,74.0556520271672,71.7540189258727,106.365696393337
"196",1906-01-01,52.8303511147752,155.771711846103,83.4966967921212,136.692505819823,113.707542533943,79.1140704795368,71.5513939142715,106.486704924702
"197",1906-02-01,51.1219386488244,156.847600455859,83.6468288295755,135.108137819991,112.621618954211,72.4716362252073,71.3487689026703,105.194456085211
"198",1906-03-01,51.4275451359666,160.883834091194,83.7969608670299,136.73944953026,111.976435802654,78.4444999818287,71.1461438910691,106.734921425342
"199",1906-04-01,50.9097511367363,157.459025097907,83.9470929044842,135.199380226122,109.182839268352,72.3776182125249,70.943518879468,104.723681541043
"200",1906-05-01,53.0910188147184,157.876050924975,84.0972249419386,125.536555355792,110.397039431291,77.9557424521565,70.7408938678668,103.421705390223
"201",1906-06-01,53.8819114308924,161.095765801616,84.2473569793929,134.03151230075,111.543540666544,73.1437688039515,70.5382688562656,105.895199119378
"202",1906-07-01,53.5113816780961,162.443242270111,84.3974890168473,134.261954703719,111.309769771171,73.2271059542848,70.3356438446644,106.071822583563
"203",1906-08-01,53.1459847127943,163.788291922415,84.5476210543016,134.504648103954,111.069682174105,73.314334633033,70.1330188330632,106.251309451231
"204",1906-09-01,52.7856580627272,165.130904029534,84.697753091756,134.759699352331,110.823115017729,73.4054885122793,69.930393821462,106.433652707659
"205",1906-10-01,52.4303400082863,166.471067821196,84.8478851292103,135.027217819448,110.569903679454,73.5006015530159,69.7277688098609,106.618845830517
"206",1906-11-01,52.0799695735898,167.808772485699,84.9980171666647,135.307315429578,110.309881743083,73.599708007598,69.5251437982597,106.806882792689
"207",1906-12-01,51.7344865176621,169.144007169768,85.1481492041191,135.600106695198,110.042880969891,73.7028424222176,69.3225187866585,106.997758065224
"208",1907-01-01,51.2187856902208,165.887286420673,86.2928367735129,134.269534731092,109.900670954559,74.0107988869117,69.3114938865406,106.188605681778
"209",1907-02-01,50.7089785372809,162.630021072066,87.4375243429068,132.935274319879,109.752092796774,74.3266675082223,69.3004689864227,105.379113721947
"210",1907-03-01,50.2049822227128,159.372208406975,88.5822119123007,131.597094067541,109.597004575116,74.6505377677416,69.2894440863047,104.569197183231
"211",1907-04-01,49.7067152632472,156.113845697411,89.7268994816945,130.254758614165,109.43526240761,74.9825001315459,69.2784191861868,103.758770067279
"212",1907-05-01,49.2140975056582,152.854930204334,90.8715870510884,128.908028552692,109.266720429995,75.3226460608103,69.2673942860689,102.947745353605
"213",1907-06-01,48.727050104328,149.595459177609,92.0162746204823,127.556660346283,109.091230773617,75.6710680225353,69.256369385951,102.136034972967
"214",1907-07-01,48.2454954991896,146.335429855963,93.1609621898762,126.20040624428,108.908643542963,76.0278595003886,69.2453444858331,101.32354978041
"215",1907-08-01,48.8792687387019,148.517285242322,94.30564975927,119.883464470623,105.344630389601,68.8454909702683,69.2343195857152,99.060313080121
"216",1907-09-01,49.0217210674885,137.932746989849,95.4503373286639,115.199446448899,104.577934411375,77.6205300335312,69.2232946855973,97.0668771899417
"217",1907-10-01,51.3143175433624,133.279151019739,96.5950248980578,119.227531135853,103.928722510924,73.6713605638646,69.2122697854794,97.3395990687238
"218",1907-11-01,51.5588102884345,129.669757370643,97.7397124674517,119.475795871967,103.604880270925,80.435816593555,69.2012448853614,97.5657477645266
"219",1907-12-01,51.1644671679155,125.394862375798,98.8844000368455,115.635767425893,104.48546459864,78.8429143256083,69.1902199852435,95.9707097863126
"220",1908-01-01,50.1011417862758,125.839039954252,98.8844000368455,102.931090688364,107.74816129688,92.347874891815,69.1902199852435,94.4736851698644
"221",1908-02-01,50.2138458500155,130.487742991037,98.8844000368455,106.021858859482,105.651320643906,78.2518009069937,69.1902199852435,94.3412087839968
"222",1908-03-01,50.7185762364051,130.261836869463,98.8844000368455,105.735843747346,98.4975879141229,94.8993557067566,69.1902199852435,94.7562088207895
"223",1908-04-01,52.1494393509179,124.746463661504,98.8844000368455,101.339157123771,102.085177625198,76.3156421609582,69.1902199852435,91.8371702102315
"224",1908-05-01,56.9488700722489,127.679435939135,98.8844000368455,94.8452204787822,102.531999021407,85.0803273516192,69.1902199852435,92.3133790973543
"225",1908-06-01,56.4113408141897,125.348439773432,98.8844000368455,98.505635703857,98.7319384781142,66.9366087007825,69.1902199852435,90.4855427227547
"226",1908-07-01,57.7890583407657,126.561920567163,98.8844000368455,99.0103206906271,92.9423716844571,82.3697182182788,69.1902199852435,91.5588229127516
"227",1908-08-01,59.2264634700224,135.398419374548,98.8844000368455,95.5624837689622,92.0608544486773,70.046365039771,69.1902199852435,91.0091097438599
"228",1908-09-01,60.262371317415,127.685376459335,98.8844000368455,91.8984189469441,98.1239684057472,78.2974673041719,69.1902199852435,90.7706935770881
"229",1908-10-01,59.9607816996326,129.500542842888,98.8844000368455,100.757350170084,102.775350342113,66.4587451707224,69.1902199852435,92.8388209800712
"230",1908-11-01,58.0924462667507,127.36615678486,98.8844000368455,99.0478395043609,104.491117724995,70.2955864139309,69.1902199852435,92.4138106008118
"231",1908-12-01,56.2241108338688,125.231770726833,98.8844000368455,97.3383288386375,106.206885107877,74.1324276446368,69.1902199852435,91.9888002203803
"232",1909-01-01,53.9021011559695,141.556719264118,98.8844000368455,86.6530900300024,102.008809158756,87.5754245962781,69.1902199852435,92.1097813121668
"233",1909-02-01,51.683379352657,132.300146555032,98.8844000368455,99.740783586583,96.7201050214108,81.1741655929512,69.1902199852435,92.1622118807276
"234",1909-03-01,48.781425908256,136.294312008802,98.8844000368455,95.4297172032076,97.3348916213992,78.7989070629958,69.1902199852435,91.1284833304126
"235",1909-04-01,48.2449030567279,138.150834970334,98.8844000368455,94.206738561676,92.8290678110496,72.831320724737,69.1902199852435,89.7654924976389
"236",1909-05-01,50.033683796195,139.794936190367,98.8844000368455,86.5811599686522,92.3705710881632,83.4431139715102,69.1902199852435,89.3187011594888
"237",1909-06-01,50.8985882292536,138.138378313827,98.8844000368455,97.4873651437445,91.4729704417771,84.2227286783132,69.1902199852435,91.8543953804828
"238",1909-07-01,50.7118957788466,137.249195738036,98.8844000368455,96.1899871390774,90.4167290566247,83.7039917305179,69.1902199852435,91.1482761011868
"239",1909-08-01,50.5252033284396,136.360013162246,98.8844000368455,94.8926091344104,89.3604876714723,83.1852547824266,69.1902199852435,90.4421568218631
"240",1909-09-01,50.3385108780326,135.470830586455,98.8844000368455,93.5952311297433,88.3042462863199,82.6665178340391,69.1902199852435,89.7360375425116
"241",1909-10-01,50.1518184276256,134.581648010665,98.8844000368455,92.2978531250763,87.2480049011675,82.1477808853555,69.1902199852435,89.0299182631323
"242",1909-11-01,49.9651259772186,133.692465434874,98.8844000368455,91.0004751204092,86.1917635160151,81.6290439363759,69.1902199852435,88.3237989837252
"243",1909-12-01,49.7784335268116,132.803282859084,98.8844000368455,89.7030971157422,85.1355221308627,81.1103069871002,69.1902199852435,87.6176797042905
"244",1910-01-01,49.5917410764046,131.914100283293,98.8844000368455,88.4057191110751,84.0792807457102,80.5915700375283,69.1902199852435,86.9115604248279
"245",1910-02-01,48.5423999555017,135.107451633012,98.8844000368455,92.5976616813911,81.6611367347847,81.3814154275555,69.1902199852435,87.9907606692673
"246",1910-03-01,49.0107896909359,134.5977791592,98.8844000368455,95.5670080379193,83.5623330478945,76.5212264682257,69.1902199852435,88.5680660395142
"247",1910-04-01,49.0107469094281,135.597307508074,98.8844000368455,95.0306442981848,84.1176656084099,77.7804040506341,69.1902199852435,88.7949633354128
"248",1910-05-01,49.0107041279204,136.596835856948,98.8844000368455,94.4942805584502,84.6729981689254,79.0395816300825,69.1902199852435,89.0218606310339
"249",1910-06-01,49.0106613464126,137.596364205822,98.8844000368455,93.9579168187157,85.2283307294408,80.298759206571,69.1902199852435,89.2487579263775
"250",1910-07-01,50.2981189278975,136.387138489259,98.8844000368455,95.7083468093461,84.5319002936844,71.80898133001,69.1902199852435,88.7938552214147
"251",1910-08-01,50.6590541069524,141.889599946464,98.8844000368455,97.6779245569116,82.5179824547401,81.4821851424536,69.1902199852435,90.7945935778033
"252",1910-09-01,50.5316641770233,141.289342760104,98.8844000368455,93.7582519809407,91.6518050799945,71.0192816003303,69.1902199852435,90.1472431500123
"253",1910-10-01,51.1542597398195,141.165577917101,98.8844000368455,100.455175734145,94.9996984205969,74.8047471549996,69.1902199852435,92.7774121185005
"254",1910-11-01,52.3138453937495,139.684719494607,98.8844000368455,98.9840113913994,98.6599777502749,70.7905296358081,69.1902199852435,92.5550079155639
"255",1910-12-01,47.8335519336178,141.293167083335,98.8844000368455,103.534562045515,95.6429975793847,73.4607110008977,69.1902199852435,93.0228460129614
"256",1911-01-01,47.7285130971421,141.011271809853,98.8844000368455,103.895724359099,96.7046356334834,73.2993313397128,69.1902199852435,93.2034297393933
"257",1911-02-01,47.6234742606664,140.729376536371,98.8844000368455,104.256886672683,97.7662736875821,73.137951678435,69.1902199852435,93.3840134658165
"258",1911-03-01,47.5184354241907,140.447481262889,98.8844000368455,104.618048986267,98.8279117416808,72.9765720170643,69.1902199852435,93.564597192231
"259",1911-04-01,47.4133965877151,140.165585989407,98.8844000368455,104.97921129985,99.8895497957794,72.8151923556006,69.1902199852435,93.7451809186368
"260",1911-05-01,47.3083577512394,139.883690715925,98.8844000368455,105.340373613434,100.951187849878,72.6538126940441,69.1902199852435,93.9257646450339
"261",1911-06-01,47.2033189147637,139.601795442443,98.8844000368455,105.701535927018,102.012825903977,72.4924330323946,69.1902199852435,94.1063483714223
"262",1911-07-01,47.0982800782881,139.319900168961,98.8844000368455,106.062698240602,103.074463958075,72.3310533706522,69.1902199852435,94.2869320978019
"263",1911-08-01,46.9932412418124,139.038004895479,98.8844000368455,106.423860554186,104.136102012174,72.1696737088169,69.1902199852435,94.4675158241729
"264",1911-09-01,46.8882024053367,138.756109621997,98.8844000368455,106.78502286777,105.197740066273,72.0082940468886,69.1902199852435,94.6480995505351
"265",1911-10-01,46.7831635688611,138.474214348515,98.8844000368455,107.146185181353,106.259378120371,71.8469143848674,69.1902199852435,94.8286832768886
"266",1911-11-01,46.6781247323854,138.192319075033,98.8844000368455,107.507347494937,107.32101617447,71.6855347227534,69.1902199852435,95.0092670032334
"267",1911-12-01,46.5730858959097,137.910423801551,98.8844000368455,107.868509808521,108.382654228569,71.5241550605464,69.1902199852435,95.1898507295695
"268",1912-01-01,46.4680470594341,137.628528528069,98.8844000368455,108.229672122105,109.444292282668,71.3627753982465,69.1902199852435,95.3704344558969
"269",1912-02-01,46.3630082229584,137.346633254587,98.8844000368455,108.590834435689,110.505930336766,71.2013957358536,69.1902199852435,95.5510181822156
"270",1912-03-01,46.2579693864827,137.064737981106,98.8844000368455,108.951996749273,111.567568390865,71.0400160733679,69.1902199852435,95.7316019085256
"271",1912-04-01,47.2698322186044,142.257724185467,98.8844000368455,111.49214279927,110.624228846472,76.8949244703219,69.1902199852435,97.7376469413784
"272",1912-05-01,48.5499653064261,146.502427316998,98.8844000368455,109.030585178405,104.984320712835,69.7504205142077,69.1902199852435,96.4344803036696
"273",1912-06-01,47.2590175509071,145.995210664288,98.8844000368455,106.56902755754,108.079159240851,71.2039344631179,69.1902199852435,96.1579631623803
"274",1912-07-01,50.4209714470728,152.793844032201,98.8844000368455,104.107469936675,104.514902500213,70.6045440824569,69.1902199852435,96.4858075532647
"275",1912-08-01,50.1060161713709,152.511499451221,98.8844000368455,110.933866542575,94.6627058655006,75.7104696521891,69.1902199852435,97.0383534001219
"276",1912-09-01,51.5910644137838,154.340582732644,98.8844000368455,108.44136708294,104.131204392818,72.7711044637086,69.1902199852435,98.1369489942858
"277",1912-10-01,53.3416129617606,160.500539073046,98.8844000368455,105.948867623305,97.3573564310335,69.1290225436906,69.1902199852435,97.3499815941555
"278",1912-11-01,55.8934046495961,155.54241462629,98.8844000368455,103.456368163669,99.1739288029327,73.6642720412492,69.1902199852435,97.0598863091707
"279",1912-12-01,58.3358583424317,166.813140139329,98.8844000368455,111.200407497442,106.496245180809,75.4876902760677,69.1902199852435,102.453637787089
"280",1913-01-01,61.1875755341808,170.342832148841,98.8844000368455,107.791190464262,109.837945115415,80.6485898374731,69.1902199852435,103.604403665155
"281",1913-02-01,58.2972923492152,168.750039368344,98.8844000368455,104.226084184168,100.911693398794,94.0415945166095,69.1902199852435,101.873513833475
"282",1913-03-01,59.3361167924849,195.338433102751,98.8844000368455,100.660977904074,99.711794195998,80.1264739011531,69.1902199852435,103.806963295578
"283",1913-04-01,58.2230022435161,180.153700418994,98.8844000368455,108.920771375218,93.9212250576153,89.9077683706579,69.1902199852435,103.337592961894
"284",1913-05-01,57.8057205170089,167.485827499585,98.8844000368455,104.404741400092,96.0901224971157,82.2309706866598,69.1902199852435,99.7832204967355
"285",1913-06-01,58.3483437382828,153.303522230448,98.8844000368455,99.8887114249665,94.5790038672353,90.7301245334484,69.1902199852435,97.0836960701929
"286",1913-07-01,55.3724983962244,142.325255010455,98.8844000368455,95.4241824611258,97.7939103623374,77.5902767167133,69.1902199852435,93.0577021484531
"287",1913-08-01,54.0261077515136,132.140179638892,98.8844000368455,102.970107315273,92.1864107062302,82.7361801567619,69.1902199852435,92.748648423185
"288",1913-09-01,55.0505564246459,140.168431935023,98.8844000368455,99.8723399352095,93.9136053070751,72.5676462224775,69.1902199852435,92.7052652046592
"289",1913-10-01,53.9638748137788,145.205303134305,98.8844000368455,96.7745725551455,96.0615068457166,87.8705634236699,69.1902199852435,94.3182985858576
"290",1913-11-01,51.1697426264667,150.043121114266,98.8844000368455,93.6768051750815,97.8467255785191,64.7085280065079,69.1902199852435,91.9706822525844
"291",1913-12-01,47.9295622858249,159.605842345855,98.8844000368455,103.189507533969,106.133751272572,68.0327119591689,69.1902199852435,96.9432448667744
"292",1914-01-01,45.3301019365197,172.223419071697,98.8844000368455,100.039168232304,109.832623802833,60.2316425739645,69.1902199852435,97.5675893031826
"293",1914-02-01,45.8540316585985,147.607847094774,98.8844000368455,96.8888289306399,109.198848882311,59.4785843291477,69.1902199852435,92.846058833664
"294",1914-03-01,45.6072840511827,152.975080885767,98.8844000368455,93.7384896289753,114.612766432323,55.8441041863315,69.1902199852435,93.3637420782321
"295",1914-04-01,45.2388789901995,148.478801144896,98.8844000368455,101.946392241041,116.427432626601,56.5932839959544,69.1902199852435,95.0093879309669
"296",1914-05-01,44.1398195395169,147.565661014678,98.8844000368455,99.5380803970069,115.299678398485,51.3534787788733,69.1902199852435,93.4254604481982
"297",1914-06-01,43.6809401046615,146.668027835181,98.8844000368455,97.1297685529726,130.207483510684,69.4558461753092,69.1902199852435,96.6378688833941
"298",1914-07-01,44.5249652975219,142.943399738892,98.8844000368455,94.7214567089384,122.199747991546,50.045325887551,69.1902199852435,92.514751766882
"299",1914-08-01,45.2985083874736,139.186224957579,98.8844000368455,94.7214567089384,125.918980781757,70.8053716307387,69.1902199852435,94.5759437270012
